cod_postal,Distrito,Concelho,Freguesia,Distrito_map,Concelho_map,Freguesia_map,Alteração RATF,Freguesia Final (Pós RATF)
3750328,Aveiro,Águeda,,,,,,
3750332,Aveiro,Águeda,,,,,,
3750354,Aveiro,Águeda,,,,,,
3750553,Aveiro,Águeda,,,,,,
3750757,Aveiro,Águeda,,,,,,
3750408,Aveiro,Águeda,,,,,,
3750071,Aveiro,Águeda,,,,,,
3850160,Aveiro,Albergaria-a-Velha,,,,,,
3850271,Aveiro,Albergaria-a-Velha,,,,,,
3850274,Aveiro,Albergaria-a-Velha,,,,,,
3780610,Aveiro,Anadia,,,,,,
4540198,Aveiro,Arouca,,,,,,
4540199,Aveiro,Arouca,,,,,,
4540510,Aveiro,Arouca,,,,,,
4540731,Aveiro,Arouca,,,,,,
4540587,Aveiro,Arouca,,,,,,
3810710,Aveiro,Aveiro,,,,,,
3800512,Aveiro,Aveiro,,,,,,
3800229,Aveiro,Aveiro,,,,,,
3800643,Aveiro,Aveiro,,,,,,
3800642,Aveiro,Aveiro,,,,,,
3800743,Aveiro,Aveiro,,,,,,
3800750,Aveiro,Aveiro,,,,,,
3800822,Aveiro,Aveiro,,,,,,
3800825,Aveiro,Aveiro,,,,,,
3810759,Aveiro,Aveiro,,,,,,
3810789,Aveiro,Aveiro,,,,,,
3810932,Aveiro,Aveiro,,,,,,
4550168,Aveiro,Castelo de Paiva,,,,,,
4550164,Aveiro,Castelo de Paiva,,,,,,
4550166,Aveiro,Castelo de Paiva,,,,,,
4550165,Aveiro,Castelo de Paiva,,,,,,
4550167,Aveiro,Castelo de Paiva,,,,,,
4550633,Aveiro,Castelo de Paiva,,,,,,
4550634,Aveiro,Castelo de Paiva,,,,,,
4550729,Aveiro,Castelo de Paiva,,,,,,
4550473,Aveiro,Castelo de Paiva,,,,,,
3860162,Aveiro,Estarreja,,,,,,
3860161,Aveiro,Estarreja,,,,,,
3860410,Aveiro,Estarreja,,,,,,
3865154,Aveiro,Estarreja,,,,,,
3830793,Aveiro,Ílhavo,,,,,,
3830046,Aveiro,Ílhavo,,,,,,
3830385,Aveiro,Ílhavo,,,,,,
3870504,Aveiro,Murtosa,,,,,,
3870503,Aveiro,Murtosa,,,,,,
3870420,Aveiro,Murtosa,,,,,,
3720834,Aveiro,Oliveira de Azeméis,,,,,,
3720357,Aveiro,Oliveira de Azeméis,,,,,,
3720103,Aveiro,Oliveira de Azeméis,,,,,,
3700704,Aveiro,Oliveira de Azeméis,,,,,,
3700917,Aveiro,Oliveira de Azeméis,,,,,,
3720578,Aveiro,Oliveira de Azeméis,,,,,,
3770361,Aveiro,Oliveira do Bairro,,,,,,
3885349,Aveiro,Ovar,,,,,,
3700918,Aveiro,Santa Maria da Feira,,,,,,
4535581,Aveiro,Santa Maria da Feira,,,,,,
4535196,Aveiro,Santa Maria da Feira,,,,,,
4500850,Aveiro,Santa Maria da Feira,,,,,,
4505664,Aveiro,Santa Maria da Feira,,,,,,
4505663,Aveiro,Santa Maria da Feira,,,,,,
4520829,Aveiro,Santa Maria da Feira,,,,,,
4520830,Aveiro,Santa Maria da Feira,,,,,,
4520631,Aveiro,Santa Maria da Feira,,,,,,
4535435,Aveiro,Santa Maria da Feira,,,,,,
4525605,Aveiro,Santa Maria da Feira,,,,,,
4525606,Aveiro,Santa Maria da Feira,,,,,,
4520039,Aveiro,Santa Maria da Feira,,,,,,
4505870,Aveiro,Santa Maria da Feira,,,,,,
4505680,Aveiro,Santa Maria da Feira,,,,,,
3700208,Aveiro,São João da Madeira,,,,,,
3700213,Aveiro,São João da Madeira,,,,,,
3700919,Aveiro,São João da Madeira,,,,,,
3700920,Aveiro,São João da Madeira,,,,,,
3740189,Aveiro,Sever do Vouga,,,,,,
3740138,Aveiro,Sever do Vouga,,,,,,
3740188,Aveiro,Sever do Vouga,,,,,,
3840102,Aveiro,Vagos,,,,,,
3730176,Aveiro,Vale de Cambra,,,,,,
3730298,Aveiro,Vale de Cambra,,,,,,
3730661,Aveiro,Vale de Cambra,,,,,,
3730346,Aveiro,Vale de Cambra,,,,,,
3730658,Aveiro,Vale de Cambra,,,,,,
7600142,Beja,Aljustrel,,,,,,
7600141,Beja,Aljustrel,,,,,,
7600140,Beja,Aljustrel,,,,,,
7600306,Beja,Aljustrel,,,,,,
7600504,Beja,Aljustrel,,,,,,
7700039,Beja,Almodôvar,,,,,,
7700098,Beja,Almodôvar,,,,,,
7700095,Beja,Almodôvar,,,,,,
7700220,Beja,Almodôvar,,,,,,
7920081,Beja,Alvito,,,,,,
7920303,Beja,Alvito,,,,,,
7230998,Beja,Barrancos,,,,,,
7800560,Beja,Beja,,,,,,
7800559,Beja,Beja,,,,,,
7800642,Beja,Beja,,,,,,
7800853,Beja,Beja,,,,,,
7800105,Beja,Beja,,,,,,
7800456,Beja,Beja,,,,,,
7800305,Beja,Beja,,,,,,
7800132,Beja,Beja,,,,,,
7800317,Beja,Beja,,,,,,
7800470,Beja,Beja,,,,,,
7800149,Beja,Beja,,,,,,
7800431,Beja,Beja,,,,,,
7800595,Beja,Beja,,,,,,
7800298,Beja,Beja,,,,,,
7800368,Beja,Beja,,,,,,
7800579,Beja,Beja,,,,,,
7800566,Beja,Beja,,,,,,
7800567,Beja,Beja,,,,,,
7800550,Beja,Beja,,,,,,
7800007,Beja,Beja,,,,,,
7800103,Beja,Beja,,,,,,
7800113,Beja,Beja,,,,,,
7800114,Beja,Beja,,,,,,
7800115,Beja,Beja,,,,,,
7800118,Beja,Beja,,,,,,
7800119,Beja,Beja,,,,,,
7800120,Beja,Beja,,,,,,
7800251,Beja,Beja,,,,,,
7800252,Beja,Beja,,,,,,
7800104,Beja,Beja,,,,,,
7800383,Beja,Beja,,,,,,
7800632,Beja,Beja,,,,,,
7800656,Beja,Beja,,,,,,
7800722,Beja,Beja,,,,,,
7940365,Beja,Cuba,,,,,,
7940360,Beja,Cuba,,,,,,
7940361,Beja,Cuba,,,,,,
7940362,Beja,Cuba,,,,,,
7940363,Beja,Cuba,,,,,,
7940364,Beja,Cuba,,,,,,
7750104,Beja,Mértola,,,,,,
7750315,Beja,Mértola,,,,,,
7750316,Beja,Mértola,,,,,,
7885086,Beja,Moura,,,,,,
7885085,Beja,Moura,,,,,,
7860363,Beja,Moura,,,,,,
7860364,Beja,Moura,,,,,,
7860365,Beja,Moura,,,,,,
7860149,Beja,Moura,,,,,,
7885234,Beja,Moura,,,,,,
7885233,Beja,Moura,,,,,,
7885235,Beja,Moura,,,,,,
7885232,Beja,Moura,,,,,,
7875318,Beja,Moura,,,,,,
7875320,Beja,Moura,,,,,,
7860123,Beja,Moura,,,,,,
7630032,Beja,Odemira,,,,,,
7630026,Beja,Odemira,,,,,,
7630014,Beja,Odemira,,,,,,
7630253,Beja,Odemira,,,,,,
7665897,Beja,Odemira,,,,,,
7665890,Beja,Odemira,,,,,,
7665817,Beja,Odemira,,,,,,
7665895,Beja,Odemira,,,,,,
7665896,Beja,Odemira,,,,,,
7665887,Beja,Odemira,,,,,,
7630570,Beja,Odemira,,,,,,
7630659,Beja,Odemira,,,,,,
7645335,Beja,Odemira,,,,,,
7645326,Beja,Odemira,,,,,,
7645330,Beja,Odemira,,,,,,
7645322,Beja,Odemira,,,,,,
7645323,Beja,Odemira,,,,,,
7645324,Beja,Odemira,,,,,,
7645325,Beja,Odemira,,,,,,
7645327,Beja,Odemira,,,,,,
7645328,Beja,Odemira,,,,,,
7645329,Beja,Odemira,,,,,,
7645332,Beja,Odemira,,,,,,
7645331,Beja,Odemira,,,,,,
7645340,Beja,Odemira,,,,,,
7645011,Beja,Odemira,,,,,,
7645333,Beja,Odemira,,,,,,
7645334,Beja,Odemira,,,,,,
7645341,Beja,Odemira,,,,,,
7645339,Beja,Odemira,,,,,,
7630028,Beja,Odemira,,,,,,
7630038,Beja,Odemira,,,,,,
7630027,Beja,Odemira,,,,,,
7630015,Beja,Odemira,,,,,,
7670205,Beja,Ourique,,,,,,
7670221,Beja,Ourique,,,,,,
7670272,Beja,Ourique,,,,,,
7670408,Beja,Ourique,,,,,,
7830156,Beja,Serpa,,,,,,
7830200,Beja,Serpa,,,,,,
7830270,Beja,Serpa,,,,,,
7830233,Beja,Serpa,,,,,,
7830999,Beja,Serpa,,,,,,
7830306,Beja,Serpa,,,,,,
7830079,Beja,Serpa,,,,,,
7830030,Beja,Serpa,,,,,,
7830029,Beja,Serpa,,,,,,
7830652,Beja,Serpa,,,,,,
7830605,Beja,Serpa,,,,,,
7830640,Beja,Serpa,,,,,,
7960067,Beja,Vidigueira,,,,,,
7960068,Beja,Vidigueira,,,,,,
7960205,Beja,Vidigueira,,,,,,
7960463,Beja,Vidigueira,,,,,,
4755456,Braga,Barcelos,,,,,,
4755611,Braga,Barcelos,,,,,,
4750236,Braga,Barcelos,,,,,,
4715672,Braga,Braga,,,,,,
4710731,Braga,Braga,,,,,,
4860033,Braga,Cabeceiras de Basto,,,,,,
4615823,Braga,Celorico de Basto,,,,,,
4740481,Braga,Esposende,,,,,,
4740482,Braga,Esposende,,,,,,
4820378,Braga,Fafe,,,,,,
4820379,Braga,Fafe,,,,,,
4820415,Braga,Fafe,,,,,,
4809010,Braga,Guimarães,,,,,,
4809003,Braga,Guimarães,,,,,,
4809001,Braga,Guimarães,,,,,,
4800174,Braga,Guimarães,,,,,,
4800308,Braga,Guimarães,,,,,,
4800545,Braga,Guimarães,,,,,,
4800107,Braga,Guimarães,,,,,,
4804510,Braga,Guimarães,,,,,,
4814535,Braga,Guimarães,,,,,,
4839020,Braga,Guimarães,,,,,,
4814522,Braga,Guimarães,,,,,,
4814533,Braga,Guimarães,,,,,,
4839008,Braga,Guimarães,,,,,,
4839006,Braga,Guimarães,,,,,,
4839011,Braga,Guimarães,,,,,,
4810062,Braga,Guimarães,,,,,,
4804001,Braga,Guimarães,,,,,,
4810212,Braga,Guimarães,,,,,,
4765581,Braga,Guimarães,,,,,,
4800947,Braga,Guimarães,,,,,,
4830575,Braga,Póvoa de Lanhoso,,,,,,
4850057,Braga,Vieira do Minho,,,,,,
4765996,Braga,Vila Nova de Famalicão,,,,,,
4760915,Braga,Vila Nova de Famalicão,,,,,,
4770339,Braga,Vila Nova de Famalicão,,,,,,
4770513,Braga,Vila Nova de Famalicão,,,,,,
4730118,Braga,Vila Verde,,,,,,
4815765,Braga,Vizela,,,,,,
5350057,Bragança,Alfândega da Fé,,,,,,
5350058,Bragança,Alfândega da Fé,,,,,,
5300027,Bragança,Bragança,,,,,,
5140107,Bragança,Carrazeda de Ansiães,,,,,,
5140125,Bragança,Carrazeda de Ansiães,,,,,,
5140126,Bragança,Carrazeda de Ansiães,,,,,,
5140287,Bragança,Carrazeda de Ansiães,,,,,,
5140288,Bragança,Carrazeda de Ansiães,,,,,,
5140289,Bragança,Carrazeda de Ansiães,,,,,,
5140291,Bragança,Carrazeda de Ansiães,,,,,,
5140290,Bragança,Carrazeda de Ansiães,,,,,,
5200617,Bragança,Mogadouro,,,,,,
5200197,Bragança,Mogadouro,,,,,,
5200285,Bragança,Mogadouro,,,,,,
5204001,Bragança,Mogadouro,,,,,,
5200298,Bragança,Mogadouro,,,,,,
5200299,Bragança,Mogadouro,,,,,,
5360238,Bragança,Vila Flor,,,,,,
5360384,Bragança,Vila Flor,,,,,,
5360998,Bragança,Vila Flor,,,,,,
5335127,Bragança,Vinhais,,,,,,
5320280,Bragança,Vinhais,,,,,,
6250122,Castelo Branco,Belmonte,,,,,,
6215097,Castelo Branco,Covilhã,,,,,,
6225139,Castelo Branco,Covilhã,,,,,,
6225126,Castelo Branco,Covilhã,,,,,,
6215176,Castelo Branco,Covilhã,,,,,,
6215120,Castelo Branco,Covilhã,,,,,,
6200586,Castelo Branco,Covilhã,,,,,,
6200876,Castelo Branco,Covilhã,,,,,,
6200875,Castelo Branco,Covilhã,,,,,,
6230277,Castelo Branco,Fundão,,,,,,
6060717,Castelo Branco,Idanha-a-Nova,,,,,,
6090380,Castelo Branco,Penamacor,,,,,,
6090504,Castelo Branco,Penamacor,,,,,,
6090505,Castelo Branco,Penamacor,,,,,,
6090731,Castelo Branco,Penamacor,,,,,,
6100332,Castelo Branco,Sertã,,,,,,
6100333,Castelo Branco,Sertã,,,,,,
6030055,Castelo Branco,Vila Velha de Ródão,,,,,,
3300172,Coimbra,Arganil,,,,,,
3305201,Coimbra,Arganil,,,,,,
3305202,Coimbra,Arganil,,,,,,
3305203,Coimbra,Arganil,,,,,,
3305198,Coimbra,Arganil,,,,,,
3305199,Coimbra,Arganil,,,,,,
3305200,Coimbra,Arganil,,,,,,
3300287,Coimbra,Arganil,,,,,,
3300308,Coimbra,Arganil,,,,,,
3300363,Coimbra,Arganil,,,,,,
3300368,Coimbra,Arganil,,,,,,
3060227,Coimbra,Cantanhede,,,,,,
3040604,Coimbra,Coimbra,,,,,,
3040627,Coimbra,Coimbra,,,,,,
3040694,Coimbra,Coimbra,,,,,,
3030913,Coimbra,Coimbra,,,,,,
3030912,Coimbra,Coimbra,,,,,,
3004011,Coimbra,Coimbra,,,,,,
3000997,Coimbra,Coimbra,,,,,,
3004010,Coimbra,Coimbra,,,,,,
3020224,Coimbra,Coimbra,,,,,,
3000047,Coimbra,Coimbra,,,,,,
3034002,Coimbra,Coimbra,,,,,,
3045551,Coimbra,Coimbra,,,,,,
3045552,Coimbra,Coimbra,,,,,,
3045000,Coimbra,Coimbra,,,,,,
3150248,Coimbra,Condeixa-a-Nova,,,,,,
3150245,Coimbra,Condeixa-a-Nova,,,,,,
3150246,Coimbra,Condeixa-a-Nova,,,,,,
3150480,Coimbra,Condeixa-a-Nova,,,,,,
3150247,Coimbra,Condeixa-a-Nova,,,,,,
3080096,Coimbra,Figueira da Foz,,,,,,
3080014,Coimbra,Figueira da Foz,,,,,,
3080026,Coimbra,Figueira da Foz,,,,,,
3090502,Coimbra,Figueira da Foz,,,,,,
3330355,Coimbra,Góis,,,,,,
3330356,Coimbra,Góis,,,,,,
3330357,Coimbra,Góis,,,,,,
3330358,Coimbra,Góis,,,,,,
3330359,Coimbra,Góis,,,,,,
3330360,Coimbra,Góis,,,,,,
3330361,Coimbra,Góis,,,,,,
3330362,Coimbra,Góis,,,,,,
3330363,Coimbra,Góis,,,,,,
3330466,Coimbra,Góis,,,,,,
3330465,Coimbra,Góis,,,,,,
3330080,Coimbra,Góis,,,,,,
3200283,Coimbra,Lousã,,,,,,
3200286,Coimbra,Lousã,,,,,,
3200282,Coimbra,Lousã,,,,,,
3200284,Coimbra,Lousã,,,,,,
3200285,Coimbra,Lousã,,,,,,
3200275,Coimbra,Lousã,,,,,,
3200364,Coimbra,Lousã,,,,,,
3070489,Coimbra,Mira,,,,,,
3070588,Coimbra,Mira,,,,,,
3070470,Coimbra,Mira,,,,,,
3220020,Coimbra,Miranda do Corvo,,,,,,
3220257,Coimbra,Miranda do Corvo,,,,,,
3220258,Coimbra,Miranda do Corvo,,,,,,
3220251,Coimbra,Miranda do Corvo,,,,,,
3220252,Coimbra,Miranda do Corvo,,,,,,
3220253,Coimbra,Miranda do Corvo,,,,,,
3220254,Coimbra,Miranda do Corvo,,,,,,
3220255,Coimbra,Miranda do Corvo,,,,,,
3220256,Coimbra,Miranda do Corvo,,,,,,
3220445,Coimbra,Miranda do Corvo,,,,,,
3220539,Coimbra,Miranda do Corvo,,,,,,
3220540,Coimbra,Miranda do Corvo,,,,,,
3220450,Coimbra,Miranda do Corvo,,,,,,
3140279,Coimbra,Montemor-o-Velho,,,,,,
3140211,Coimbra,Montemor-o-Velho,,,,,,
3140212,Coimbra,Montemor-o-Velho,,,,,,
3140213,Coimbra,Montemor-o-Velho,,,,,,
3140214,Coimbra,Montemor-o-Velho,,,,,,
3140215,Coimbra,Montemor-o-Velho,,,,,,
3140216,Coimbra,Montemor-o-Velho,,,,,,
3140217,Coimbra,Montemor-o-Velho,,,,,,
3140218,Coimbra,Montemor-o-Velho,,,,,,
3140219,Coimbra,Montemor-o-Velho,,,,,,
3140220,Coimbra,Montemor-o-Velho,,,,,,
3140330,Coimbra,Montemor-o-Velho,,,,,,
3140456,Coimbra,Montemor-o-Velho,,,,,,
3405206,Coimbra,Oliveira do Hospital,,,,,,
3405339,Coimbra,Oliveira do Hospital,,,,,,
3405340,Coimbra,Oliveira do Hospital,,,,,,
3405379,Coimbra,Oliveira do Hospital,,,,,,
3405380,Coimbra,Oliveira do Hospital,,,,,,
3400675,Coimbra,Oliveira do Hospital,,,,,,
3400731,Coimbra,Oliveira do Hospital,,,,,,
3400418,Coimbra,Oliveira do Hospital,,,,,,
3360309,Coimbra,Penacova,,,,,,
3360154,Coimbra,Penacova,,,,,,
3360153,Coimbra,Penacova,,,,,,
3230358,Coimbra,Penela,,,,,,
3230026,Coimbra,Penela,,,,,,
3230538,Coimbra,Penela,,,,,,
3130270,Coimbra,Soure,,,,,,
3130602,Coimbra,Soure,,,,,,
3130271,Coimbra,Soure,,,,,,
3130272,Coimbra,Soure,,,,,,
3420024,Coimbra,Tábua,,,,,,
3420230,Coimbra,Tábua,,,,,,
3420108,Coimbra,Tábua,,,,,,
3420435,Coimbra,Tábua,,,,,,
3420436,Coimbra,Tábua,,,,,,
3420437,Coimbra,Tábua,,,,,,
3420438,Coimbra,Tábua,,,,,,
3420439,Coimbra,Tábua,,,,,,
3420440,Coimbra,Tábua,,,,,,
3420441,Coimbra,Tábua,,,,,,
3420442,Coimbra,Tábua,,,,,,
3420443,Coimbra,Tábua,,,,,,
3420444,Coimbra,Tábua,,,,,,
3420445,Coimbra,Tábua,,,,,,
3420446,Coimbra,Tábua,,,,,,
3420447,Coimbra,Tábua,,,,,,
3420448,Coimbra,Tábua,,,,,,
3420036,Coimbra,Tábua,,,,,,
3420071,Coimbra,Tábua,,,,,,
3350221,Coimbra,Vila Nova de Poiares,,,,,,
3350033,Coimbra,Vila Nova de Poiares,,,,,,
3350032,Coimbra,Vila Nova de Poiares,,,,,,
3350197,Coimbra,Vila Nova de Poiares,,,,,,
3350198,Coimbra,Vila Nova de Poiares,,,,,,
3350199,Coimbra,Vila Nova de Poiares,,,,,,
3350192,Coimbra,Vila Nova de Poiares,,,,,,
3350220,Coimbra,Vila Nova de Poiares,,,,,,
3350222,Coimbra,Vila Nova de Poiares,,,,,,
3350200,Coimbra,Vila Nova de Poiares,,,,,,
3350217,Coimbra,Vila Nova de Poiares,,,,,,
3350195,Coimbra,Vila Nova de Poiares,,,,,,
7250157,Évora,Alandroal,,,,,,
7250156,Évora,Alandroal,,,,,,
7040135,Évora,Arraiolos,,,,,,
7040134,Évora,Arraiolos,,,,,,
7040998,Évora,Arraiolos,,,,,,
7100463,Évora,Estremoz,,,,,,
7100451,Évora,Estremoz,,,,,,
7100452,Évora,Estremoz,,,,,,
7100454,Évora,Estremoz,,,,,,
7100455,Évora,Estremoz,,,,,,
7100456,Évora,Estremoz,,,,,,
7100457,Évora,Estremoz,,,,,,
7100458,Évora,Estremoz,,,,,,
7100459,Évora,Estremoz,,,,,,
7100460,Évora,Estremoz,,,,,,
7100461,Évora,Estremoz,,,,,,
7100462,Évora,Estremoz,,,,,,
7100010,Évora,Estremoz,,,,,,
7000582,Évora,Évora,,,,,,
7005284,Évora,Évora,,,,,,
7005098,Évora,Évora,,,,,,
7050021,Évora,Montemor-o-Novo,,,,,,
7050663,Évora,Montemor-o-Novo,,,,,,
7220136,Évora,Portel,,,,,,
7220998,Évora,Portel,,,,,,
7170998,Évora,Redondo,,,,,,
7200489,Évora,Reguengos de Monsaraz,,,,,,
7200487,Évora,Reguengos de Monsaraz,,,,,,
7200488,Évora,Reguengos de Monsaraz,,,,,,
7160136,Évora,Vila Viçosa,,,,,,
7160350,Évora,Vila Viçosa,,,,,,
7160296,Évora,Vila Viçosa,,,,,,
7160295,Évora,Vila Viçosa,,,,,,
8200380,Faro,Albufeira,,,,,,
8200407,Faro,Albufeira,,,,,,
8200594,Faro,Albufeira,,,,,,
8200629,Faro,Albufeira,,,,,,
8200393,Faro,Albufeira,,,,,,
8200388,Faro,Albufeira,,,,,,
8200229,Faro,Albufeira,,,,,,
8200574,Faro,Albufeira,,,,,,
8200570,Faro,Albufeira,,,,,,
8200997,Faro,Albufeira,,,,,,
8970085,Faro,Alcoutim,,,,,,
8970084,Faro,Alcoutim,,,,,,
8970087,Faro,Alcoutim,,,,,,
8970088,Faro,Alcoutim,,,,,,
8970089,Faro,Alcoutim,,,,,,
8970194,Faro,Alcoutim,,,,,,
8670211,Faro,Aljezur,,,,,,
8670162,Faro,Aljezur,,,,,,
8950454,Faro,Castro Marim,,,,,,
8950455,Faro,Castro Marim,,,,,,
8950446,Faro,Castro Marim,,,,,,
8950445,Faro,Castro Marim,,,,,,
8950444,Faro,Castro Marim,,,,,,
8950447,Faro,Castro Marim,,,,,,
8950448,Faro,Castro Marim,,,,,,
8005992,Faro,Faro,,,,,,
8005072,Faro,Faro,,,,,,
8000175,Faro,Faro,,,,,,
8000178,Faro,Faro,,,,,,
8005073,Faro,Faro,,,,,,
8000136,Faro,Faro,,,,,,
8000317,Faro,Faro,,,,,,
8000462,Faro,Faro,,,,,,
8005543,Faro,Faro,,,,,,
8400567,Faro,Lagoa ,,,,,,
8400549,Faro,Lagoa ,,,,,,
8400114,Faro,Lagoa ,,,,,,
8400059,Faro,Lagoa ,,,,,,
8400652,Faro,Lagoa ,,,,,,
8400465,Faro,Lagoa ,,,,,,
8400466,Faro,Lagoa ,,,,,,
8600290,Faro,Lagos,,,,,,
8600287,Faro,Lagos,,,,,,
8600289,Faro,Lagos,,,,,,
8600286,Faro,Lagos,,,,,,
8600285,Faro,Lagos,,,,,,
8600269,Faro,Lagos,,,,,,
8600264,Faro,Lagos,,,,,,
8135161,Faro,Loulé,,,,,,
8135188,Faro,Loulé,,,,,,
8135186,Faro,Loulé,,,,,,
8135190,Faro,Loulé,,,,,,
8100595,Faro,Loulé,,,,,,
8125313,Faro,Loulé,,,,,,
8125314,Faro,Loulé,,,,,,
8125315,Faro,Loulé,,,,,,
8125161,Faro,Loulé,,,,,,
8125138,Faro,Loulé,,,,,,
8125128,Faro,Loulé,,,,,,
8125129,Faro,Loulé,,,,,,
8125130,Faro,Loulé,,,,,,
8125131,Faro,Loulé,,,,,,
8125132,Faro,Loulé,,,,,,
8125162,Faro,Loulé,,,,,,
8100218,Faro,Loulé,,,,,,
8135193,Faro,Loulé,,,,,,
8100331,Faro,Loulé,,,,,,
8125133,Faro,Loulé,,,,,,
8100386,Faro,Loulé,,,,,,
8135191,Faro,Loulé,,,,,,
8135187,Faro,Loulé,,,,,,
8135035,Faro,Loulé,,,,,,
8100108,Faro,Loulé,,,,,,
8100217,Faro,Loulé,,,,,,
8135192,Faro,Loulé,,,,,,
8135189,Faro,Loulé,,,,,,
8700045,Faro,Olhão,,,,,,
8700046,Faro,Olhão,,,,,,
8700047,Faro,Olhão,,,,,,
8700048,Faro,Olhão,,,,,,
8700050,Faro,Olhão,,,,,,
8700049,Faro,Olhão,,,,,,
8700151,Faro,Olhão,,,,,,
8700110,Faro,Olhão,,,,,,
8700235,Faro,Olhão,,,,,,
8700200,Faro,Olhão,,,,,,
8700229,Faro,Olhão,,,,,,
8700233,Faro,Olhão,,,,,,
8700168,Faro,Olhão,,,,,,
8700134,Faro,Olhão,,,,,,
8700343,Faro,Olhão,,,,,,
8700228,Faro,Olhão,,,,,,
8700452,Faro,Olhão,,,,,,
8700220,Faro,Olhão,,,,,,
8700182,Faro,Olhão,,,,,,
8500997,Faro,Portimão,,,,,,
8500294,Faro,Portimão,,,,,,
8500847,Faro,Portimão,,,,,,
8150171,Faro,São Brás de Alportel,,,,,,
8365153,Faro,Silves,,,,,,
8365164,Faro,Silves,,,,,,
8365165,Faro,Silves,,,,,,
8365159,Faro,Silves,,,,,,
8365166,Faro,Silves,,,,,,
8365154,Faro,Silves,,,,,,
8365167,Faro,Silves,,,,,,
8365168,Faro,Silves,,,,,,
8365169,Faro,Silves,,,,,,
8365170,Faro,Silves,,,,,,
8365171,Faro,Silves,,,,,,
8365172,Faro,Silves,,,,,,
8365180,Faro,Silves,,,,,,
8365173,Faro,Silves,,,,,,
8365174,Faro,Silves,,,,,,
8365175,Faro,Silves,,,,,,
8365116,Faro,Silves,,,,,,
8375087,Faro,Silves,,,,,,
8375084,Faro,Silves,,,,,,
8375167,Faro,Silves,,,,,,
8375158,Faro,Silves,,,,,,
8375159,Faro,Silves,,,,,,
8375073,Faro,Silves,,,,,,
8375085,Faro,Silves,,,,,,
8375086,Faro,Silves,,,,,,
8375099,Faro,Silves,,,,,,
8375098,Faro,Silves,,,,,,
8375097,Faro,Silves,,,,,,
8375088,Faro,Silves,,,,,,
8375089,Faro,Silves,,,,,,
8375090,Faro,Silves,,,,,,
8375091,Faro,Silves,,,,,,
8375092,Faro,Silves,,,,,,
8375096,Faro,Silves,,,,,,
8375093,Faro,Silves,,,,,,
8375094,Faro,Silves,,,,,,
8375095,Faro,Silves,,,,,,
8375160,Faro,Silves,,,,,,
8375161,Faro,Silves,,,,,,
8375162,Faro,Silves,,,,,,
8375163,Faro,Silves,,,,,,
8375164,Faro,Silves,,,,,,
8375165,Faro,Silves,,,,,,
8375166,Faro,Silves,,,,,,
8375231,Faro,Silves,,,,,,
8365245,Faro,Silves,,,,,,
8365234,Faro,Silves,,,,,,
8365246,Faro,Silves,,,,,,
8365239,Faro,Silves,,,,,,
8365243,Faro,Silves,,,,,,
8365244,Faro,Silves,,,,,,
8375233,Faro,Silves,,,,,,
8375232,Faro,Silves,,,,,,
8800069,Faro,Tavira,,,,,,
8800599,Faro,Tavira,,,,,,
8800387,Faro,Tavira,,,,,,
8800342,Faro,Tavira,,,,,,
8800418,Faro,Tavira,,,,,,
8800436,Faro,Tavira,,,,,,
8800465,Faro,Tavira,,,,,,
8800123,Faro,Tavira,,,,,,
8800124,Faro,Tavira,,,,,,
8650160,Faro,Vila do Bispo,,,,,,
8650159,Faro,Vila do Bispo,,,,,,
8650316,Faro,Vila do Bispo,,,,,,
8650404,Faro,Vila do Bispo,,,,,,
8650403,Faro,Vila do Bispo,,,,,,
8650439,Faro,Vila do Bispo,,,,,,
3570341,Guarda,Aguiar da Beira,,,,,,
3570245,Guarda,Aguiar da Beira,,,,,,
3570080,Guarda,Aguiar da Beira,,,,,,
6350222,Guarda,Almeida,,,,,,
6360225,Guarda,Celorico da Beira,,,,,,
6440147,Guarda,Figueira de Castelo Rodrigo,,,,,,
6290095,Guarda,Gouveia,,,,,,
6290420,Guarda,Gouveia,,,,,,
6300341,Guarda,Guarda,,,,,,
6300335,Guarda,Guarda,,,,,,
6300843,Guarda,Guarda,,,,,,
6300533,Guarda,Guarda,,,,,,
6260998,Guarda,Manteigas,,,,,,
6430221,Guarda,Meda,,,,,,
6430123,Guarda,Meda,,,,,,
6430230,Guarda,Meda,,,,,,
6400617,Guarda,Pinhel,,,,,,
6400559,Guarda,Pinhel,,,,,,
6400672,Guarda,Pinhel,,,,,,
5155060,Guarda,Vila Nova de Foz Côa,,,,,,
5155529,Guarda,Vila Nova de Foz Côa,,,,,,
5155533,Guarda,Vila Nova de Foz Côa,,,,,,
9370997,Ilha da Madeira,Calheta ,,,,,,
9300440,Ilha da Madeira,Câmara de Lobos,,,,,,
9000153,Ilha da Madeira,Funchal,,,,,,
9000253,Ilha da Madeira,Funchal,,,,,,
9050029,Ilha da Madeira,Funchal,,,,,,
9050333,Ilha da Madeira,Funchal,,,,,,
9000091,Ilha da Madeira,Funchal,,,,,,
9200234,Ilha da Madeira,Machico,,,,,,
9200166,Ilha da Madeira,Machico,,,,,,
9200165,Ilha da Madeira,Machico,,,,,,
9360190,Ilha da Madeira,Ponta do Sol,,,,,,
9270157,Ilha da Madeira,Porto Moniz,,,,,,
9270142,Ilha da Madeira,Porto Moniz,,,,,,
9270020,Ilha da Madeira,Porto Moniz,,,,,,
9270154,Ilha da Madeira,Porto Moniz,,,,,,
9270158,Ilha da Madeira,Porto Moniz,,,,,,
9270043,Ilha da Madeira,Porto Moniz,,,,,,
9270155,Ilha da Madeira,Porto Moniz,,,,,,
9270111,Ilha da Madeira,Porto Moniz,,,,,,
9270110,Ilha da Madeira,Porto Moniz,,,,,,
9270045,Ilha da Madeira,Porto Moniz,,,,,,
9350021,Ilha da Madeira,Ribeira Brava,,,,,,
9100182,Ilha da Madeira,Santa Cruz,,,,,,
9100274,Ilha da Madeira,Santa Cruz,,,,,,
9240235,Ilha da Madeira,São Vicente,,,,,,
9240234,Ilha da Madeira,São Vicente,,,,,,
9240233,Ilha da Madeira,São Vicente,,,,,,
9240232,Ilha da Madeira,São Vicente,,,,,,
9240238,Ilha da Madeira,São Vicente,,,,,,
9240231,Ilha da Madeira,São Vicente,,,,,,
9240236,Ilha da Madeira,São Vicente,,,,,,
9240237,Ilha da Madeira,São Vicente,,,,,,
9240226,Ilha da Madeira,São Vicente,,,,,,
9950367,Ilha do Pico,Madalena,,,,,,
9940070,Ilha do Pico,São Roque do Pico,,,,,,
9940362,Ilha do Pico,São Roque do Pico,,,,,,
9560422,Ilha de São Miguel,Lagoa ,,,,,,
9560087,Ilha de São Miguel,Lagoa ,,,,,,
9504515,Ilha de São Miguel,Ponta Delgada,,,,,,
9504518,Ilha de São Miguel,Ponta Delgada,,,,,,
9650007,Ilha de São Miguel,Povoação,,,,,,
9625128,Ilha de São Miguel,Ribeira Grande,,,,,,
9600501,Ilha de São Miguel,Ribeira Grande,,,,,,
9600542,Ilha de São Miguel,Ribeira Grande,,,,,,
9600551,Ilha de São Miguel,Ribeira Grande,,,,,,
9600569,Ilha de São Miguel,Ribeira Grande,,,,,,
9600540,Ilha de São Miguel,Ribeira Grande,,,,,,
9600504,Ilha de São Miguel,Ribeira Grande,,,,,,
9600509,Ilha de São Miguel,Ribeira Grande,,,,,,
9600514,Ilha de São Miguel,Ribeira Grande,,,,,,
9600526,Ilha de São Miguel,Ribeira Grande,,,,,,
9600531,Ilha de São Miguel,Ribeira Grande,,,,,,
9600537,Ilha de São Miguel,Ribeira Grande,,,,,,
9600538,Ilha de São Miguel,Ribeira Grande,,,,,,
9600541,Ilha de São Miguel,Ribeira Grande,,,,,,
9600546,Ilha de São Miguel,Ribeira Grande,,,,,,
9600547,Ilha de São Miguel,Ribeira Grande,,,,,,
9600550,Ilha de São Miguel,Ribeira Grande,,,,,,
9600553,Ilha de São Miguel,Ribeira Grande,,,,,,
9600554,Ilha de São Miguel,Ribeira Grande,,,,,,
9600560,Ilha de São Miguel,Ribeira Grande,,,,,,
9600563,Ilha de São Miguel,Ribeira Grande,,,,,,
9600584,Ilha de São Miguel,Ribeira Grande,,,,,,
9680203,Ilha de São Miguel,Vila Franca do Campo,,,,,,
9700242,Ilha Terceira,Angra do Heroísmo,,,,,,
9700593,Ilha Terceira,Angra do Heroísmo,,,,,,
9760302,Ilha Terceira,Praia da Vitória,,,,,,
2460041,Leiria,Alcobaça,,,,,,
2460920,Leiria,Alcobaça,,,,,,
2445382,Leiria,Alcobaça,,,,,,
3250396,Leiria,Alvaiázere,,,,,,
3240511,Leiria,Ansião,,,,,,
3240512,Leiria,Ansião,,,,,,
3240513,Leiria,Ansião,,,,,,
2440250,Leiria,Batalha,,,,,,
2540324,Leiria,Bombarral,,,,,,
2540655,Leiria,Bombarral,,,,,,
2500273,Leiria,Caldas da Rainha,,,,,,
2500303,Leiria,Caldas da Rainha,,,,,,
2500298,Leiria,Caldas da Rainha,,,,,,
2500079,Leiria,Caldas da Rainha,,,,,,
2500080,Leiria,Caldas da Rainha,,,,,,
2500078,Leiria,Caldas da Rainha,,,,,,
2500113,Leiria,Caldas da Rainha,,,,,,
2500800,Leiria,Caldas da Rainha,,,,,,
2500091,Leiria,Caldas da Rainha,,,,,,
2500088,Leiria,Caldas da Rainha,,,,,,
2500299,Leiria,Caldas da Rainha,,,,,,
3280128,Leiria,Castanheira de Pêra,,,,,,
3260364,Leiria,Figueiró dos Vinhos,,,,,,
2425215,Leiria,Leiria,,,,,,
2420997,Leiria,Leiria,,,,,,
2400016,Leiria,Leiria,,,,,,
2415836,Leiria,Leiria,,,,,,
2420226,Leiria,Leiria,,,,,,
2420236,Leiria,Leiria,,,,,,
2425213,Leiria,Leiria,,,,,,
2410592,Leiria,Leiria,,,,,,
2430543,Leiria,Marinha Grande,,,,,,
2510783,Leiria,Óbidos,,,,,,
2510013,Leiria,Óbidos,,,,,,
2510014,Leiria,Óbidos,,,,,,
2510015,Leiria,Óbidos,,,,,,
2510016,Leiria,Óbidos,,,,,,
2510104,Leiria,Óbidos,,,,,,
2510001,Leiria,Óbidos,,,,,,
2510106,Leiria,Óbidos,,,,,,
2510113,Leiria,Óbidos,,,,,,
2510122,Leiria,Óbidos,,,,,,
2510123,Leiria,Óbidos,,,,,,
2510125,Leiria,Óbidos,,,,,,
2510126,Leiria,Óbidos,,,,,,
2510128,Leiria,Óbidos,,,,,,
2510130,Leiria,Óbidos,,,,,,
2510134,Leiria,Óbidos,,,,,,
2510141,Leiria,Óbidos,,,,,,
2510143,Leiria,Óbidos,,,,,,
2510002,Leiria,Óbidos,,,,,,
2510049,Leiria,Óbidos,,,,,,
2510044,Leiria,Óbidos,,,,,,
2510057,Leiria,Óbidos,,,,,,
2510034,Leiria,Óbidos,,,,,,
2510075,Leiria,Óbidos,,,,,,
2510037,Leiria,Óbidos,,,,,,
2510065,Leiria,Óbidos,,,,,,
2510999,Leiria,Óbidos,,,,,,
2510115,Leiria,Óbidos,,,,,,
2510036,Leiria,Óbidos,,,,,,
2510086,Leiria,Óbidos,,,,,,
2510082,Leiria,Óbidos,,,,,,
2510039,Leiria,Óbidos,,,,,,
2510074,Leiria,Óbidos,,,,,,
2510045,Leiria,Óbidos,,,,,,
2510048,Leiria,Óbidos,,,,,,
2510051,Leiria,Óbidos,,,,,,
2510052,Leiria,Óbidos,,,,,,
2510077,Leiria,Óbidos,,,,,,
2510073,Leiria,Óbidos,,,,,,
2510079,Leiria,Óbidos,,,,,,
2510062,Leiria,Óbidos,,,,,,
2510063,Leiria,Óbidos,,,,,,
2510064,Leiria,Óbidos,,,,,,
2510068,Leiria,Óbidos,,,,,,
2510047,Leiria,Óbidos,,,,,,
2510076,Leiria,Óbidos,,,,,,
2510084,Leiria,Óbidos,,,,,,
2510089,Leiria,Óbidos,,,,,,
2510095,Leiria,Óbidos,,,,,,
2510096,Leiria,Óbidos,,,,,,
2510100,Leiria,Óbidos,,,,,,
2510102,Leiria,Óbidos,,,,,,
2510103,Leiria,Óbidos,,,,,,
2510145,Leiria,Óbidos,,,,,,
2510042,Leiria,Óbidos,,,,,,
2510594,Leiria,Óbidos,,,,,,
2510124,Leiria,Óbidos,,,,,,
2510139,Leiria,Óbidos,,,,,,
2510192,Leiria,Óbidos,,,,,,
2510121,Leiria,Óbidos,,,,,,
2510058,Leiria,Óbidos,,,,,,
2510059,Leiria,Óbidos,,,,,,
2510098,Leiria,Óbidos,,,,,,
2510060,Leiria,Óbidos,,,,,,
2510069,Leiria,Óbidos,,,,,,
2510055,Leiria,Óbidos,,,,,,
2510083,Leiria,Óbidos,,,,,,
2510094,Leiria,Óbidos,,,,,,
2510101,Leiria,Óbidos,,,,,,
2510669,Leiria,Óbidos,,,,,,
2510770,Leiria,Óbidos,,,,,,
3100099,Leiria,Pombal,,,,,,
3105104,Leiria,Pombal,,,,,,
3105116,Leiria,Pombal,,,,,,
3100076,Leiria,Pombal,,,,,,
3100838,Leiria,Pombal,,,,,,
3100413,Leiria,Pombal,,,,,,
2480410,Leiria,Porto de Mós,,,,,,
2580636,Lisboa,Alenquer,,,,,,
2580195,Lisboa,Alenquer,,,,,,
2580675,Lisboa,Alenquer,,,,,,
2580679,Lisboa,Alenquer,,,,,,
2580684,Lisboa,Alenquer,,,,,,
2580671,Lisboa,Alenquer,,,,,,
2580672,Lisboa,Alenquer,,,,,,
2580683,Lisboa,Alenquer,,,,,,
2630124,Lisboa,Arruda dos Vinhos,,,,,,
2630384,Lisboa,Arruda dos Vinhos,,,,,,
2630601,Lisboa,Arruda dos Vinhos,,,,,,
2050459,Lisboa,Azambuja,,,,,,
2550460,Lisboa,Cadaval,,,,,,
2645172,Lisboa,Cascais,,,,,,
2755349,Lisboa,Cascais,,,,,,
2785193,Lisboa,Cascais,,,,,,
2789524,Lisboa,Cascais,,,,,,
1950322,Lisboa,Lisboa,,,,,,
1069451,Lisboa,Lisboa,,,,,,
1950081,Lisboa,Lisboa,,,,,,
1099020,Lisboa,Lisboa,,,,,,
1990056,Lisboa,Lisboa,,,,,,
1990059,Lisboa,Lisboa,,,,,,
1990060,Lisboa,Lisboa,,,,,,
1998036,Lisboa,Lisboa,,,,,,
1990105,Lisboa,Lisboa,,,,,,
1169222,Lisboa,Lisboa,,,,,,
1998035,Lisboa,Lisboa,,,,,,
1990618,Lisboa,Lisboa,,,,,,
1990261,Lisboa,Lisboa,,,,,,
1990262,Lisboa,Lisboa,,,,,,
1990263,Lisboa,Lisboa,,,,,,
1990264,Lisboa,Lisboa,,,,,,
1990266,Lisboa,Lisboa,,,,,,
1990267,Lisboa,Lisboa,,,,,,
1998034,Lisboa,Lisboa,,,,,,
1350265,Lisboa,Lisboa,,,,,,
1000267,Lisboa,Lisboa,,,,,,
1649051,Lisboa,Lisboa,,,,,,
1170997,Lisboa,Lisboa,,,,,,
2695147,Lisboa,Loures,,,,,,
2670007,Lisboa,Loures,,,,,,
2695443,Lisboa,Loures,,,,,,
2680556,Lisboa,Loures,,,,,,
2644009,Lisboa,Mafra,,,,,,
2640585,Lisboa,Mafra,,,,,,
2665288,Lisboa,Mafra,,,,,,
2640079,Lisboa,Mafra,,,,,,
1685655,Lisboa,Odivelas,,,,,,
2730295,Lisboa,Oeiras,,,,,,
2790264,Lisboa,Oeiras,,,,,,
2774003,Lisboa,Oeiras,,,,,,
2770005,Lisboa,Oeiras,,,,,,
2770231,Lisboa,Oeiras,,,,,,
2740315,Lisboa,Oeiras,,,,,,
2605400,Lisboa,Sintra,,,,,,
2605165,Lisboa,Sintra,,,,,,
2705338,Lisboa,Sintra,,,,,,
2710415,Lisboa,Sintra,,,,,,
2715146,Lisboa,Sintra,,,,,,
2715770,Lisboa,Sintra,,,,,,
2594523,Lisboa,Sobral de Monte Agraço,,,,,,
2560067,Lisboa,Torres Vedras,,,,,,
2560065,Lisboa,Torres Vedras,,,,,,
2565822,Lisboa,Torres Vedras,,,,,,
2565718,Lisboa,Torres Vedras,,,,,,
2565109,Lisboa,Torres Vedras,,,,,,
2600586,Lisboa,Vila Franca de Xira,,,,,,
2615402,Lisboa,Vila Franca de Xira,,,,,,
7340061,Portalegre,Arronches,,,,,,
7340060,Portalegre,Arronches,,,,,,
7340230,Portalegre,Arronches,,,,,,
7320309,Portalegre,Castelo de Vide,,,,,,
7430035,Portalegre,Crato,,,,,,
7430034,Portalegre,Crato,,,,,,
7430183,Portalegre,Crato,,,,,,
7430182,Portalegre,Crato,,,,,,
7430227,Portalegre,Crato,,,,,,
7430339,Portalegre,Crato,,,,,,
7430364,Portalegre,Crato,,,,,,
7350488,Portalegre,Elvas,,,,,,
7460054,Portalegre,Fronteira,,,,,,
7460210,Portalegre,Fronteira,,,,,,
7330274,Portalegre,Marvão,,,,,,
7330275,Portalegre,Marvão,,,,,,
6050010,Portalegre,Nisa,,,,,,
6050205,Portalegre,Nisa,,,,,,
6050413,Portalegre,Nisa,,,,,,
7425148,Portalegre,Ponte de Sor,,,,,,
7300410,Portalegre,Portalegre,,,,,,
7470998,Portalegre,Sousel,,,,,,
4600766,Porto,Amarante,,,,,,
4600799,Porto,Amarante,,,,,,
4640191,Porto,Baião,,,,,,
4640190,Porto,Baião,,,,,,
4640437,Porto,Baião,,,,,,
4650674,Porto,Felgueiras,,,,,,
4510715,Porto,Gondomar,,,,,,
4510716,Porto,Gondomar,,,,,,
4515094,Porto,Gondomar,,,,,,
4420629,Porto,Gondomar,,,,,,
4420630,Porto,Gondomar,,,,,,
4515285,Porto,Gondomar,,,,,,
4515772,Porto,Gondomar,,,,,,
4515771,Porto,Gondomar,,,,,,
4515777,Porto,Gondomar,,,,,,
4515750,Porto,Gondomar,,,,,,
4435516,Porto,Gondomar,,,,,,
4435517,Porto,Gondomar,,,,,,
4435589,Porto,Gondomar,,,,,,
4420710,Porto,Gondomar,,,,,,
4420711,Porto,Gondomar,,,,,,
4420433,Porto,Gondomar,,,,,,
4620676,Porto,Lousada,,,,,,
4620750,Porto,Lousada,,,,,,
4425398,Porto,Maia,,,,,,
4425298,Porto,Maia,,,,,,
4470292,Porto,Maia,,,,,,
4470293,Porto,Maia,,,,,,
4470299,Porto,Maia,,,,,,
4475234,Porto,Maia,,,,,,
4425299,Porto,Maia,,,,,,
4475275,Porto,Maia,,,,,,
4470315,Porto,Maia,,,,,,
4575079,Porto,Marco de Canaveses,,,,,,
4455254,Porto,Matosinhos,,,,,,
4465809,Porto,Matosinhos,,,,,,
4465535,Porto,Matosinhos,,,,,,
4450382,Porto,Matosinhos,,,,,,
4450397,Porto,Matosinhos,,,,,,
4450722,Porto,Matosinhos,,,,,,
4450450,Porto,Matosinhos,,,,,,
4450409,Porto,Matosinhos,,,,,,
4455268,Porto,Matosinhos,,,,,,
4455269,Porto,Matosinhos,,,,,,
4455291,Porto,Matosinhos,,,,,,
4455617,Porto,Matosinhos,,,,,,
4455532,Porto,Matosinhos,,,,,,
4465367,Porto,Matosinhos,,,,,,
4465368,Porto,Matosinhos,,,,,,
4465369,Porto,Matosinhos,,,,,,
4465179,Porto,Matosinhos,,,,,,
4595660,Porto,Paços de Ferreira,,,,,,
4595570,Porto,Paços de Ferreira,,,,,,
4595590,Porto,Paços de Ferreira,,,,,,
4595591,Porto,Paços de Ferreira,,,,,,
4580888,Porto,Paredes,,,,,,
4580894,Porto,Paredes,,,,,,
4585940,Porto,Paredes,,,,,,
4585941,Porto,Paredes,,,,,,
4585999,Porto,Paredes,,,,,,
4585942,Porto,Paredes,,,,,,
4580885,Porto,Paredes,,,,,,
4580409,Porto,Paredes,,,,,,
4585971,Porto,Paredes,,,,,,
4585920,Porto,Paredes,,,,,,
4575116,Porto,Penafiel,,,,,,
4560090,Porto,Penafiel,,,,,,
4560171,Porto,Penafiel,,,,,,
4560395,Porto,Penafiel,,,,,,
4560499,Porto,Penafiel,,,,,,
4575996,Porto,Penafiel,,,,,,
4575201,Porto,Penafiel,,,,,,
4575422,Porto,Penafiel,,,,,,
4575421,Porto,Penafiel,,,,,,
4200117,Porto,Porto,,,,,,
4300341,Porto,Porto,,,,,,
4350271,Porto,Porto,,,,,,
4000417,Porto,Porto,,,,,,
4050527,Porto,Porto,,,,,,
4000477,Porto,Porto,,,,,,
4100467,Porto,Porto,,,,,,
4200018,Porto,Porto,,,,,,
4150996,Porto,Porto,,,,,,
4250237,Porto,Porto,,,,,,
4000997,Porto,Porto,,,,,,
4490295,Porto,Póvoa de Varzim,,,,,,
4570283,Porto,Póvoa de Varzim,,,,,,
4570381,Porto,Póvoa de Varzim,,,,,,
4490277,Porto,Póvoa de Varzim,,,,,,
4490278,Porto,Póvoa de Varzim,,,,,,
4495451,Porto,Póvoa de Varzim,,,,,,
4495630,Porto,Póvoa de Varzim,,,,,,
4780249,Porto,Santo Tirso,,,,,,
4785428,Porto,Trofa,,,,,,
4785547,Porto,Trofa,,,,,,
4745127,Porto,Trofa,,,,,,
4745126,Porto,Trofa,,,,,,
4785271,Porto,Trofa,,,,,,
4440841,Porto,Valongo,,,,,,
4485570,Porto,Vila do Conde,,,,,,
4485966,Porto,Vila do Conde,,,,,,
4480642,Porto,Vila do Conde,,,,,,
4410552,Porto,Vila Nova de Gaia,,,,,,
4410553,Porto,Vila Nova de Gaia,,,,,,
4410551,Porto,Vila Nova de Gaia,,,,,,
4415958,Porto,Vila Nova de Gaia,,,,,,
4430946,Porto,Vila Nova de Gaia,,,,,,
4405711,Porto,Vila Nova de Gaia,,,,,,
4405651,Porto,Vila Nova de Gaia,,,,,,
4405669,Porto,Vila Nova de Gaia,,,,,,
4405670,Porto,Vila Nova de Gaia,,,,,,
4405512,Porto,Vila Nova de Gaia,,,,,,
4430634,Porto,Vila Nova de Gaia,,,,,,
4405940,Porto,Vila Nova de Gaia,,,,,,
4430952,Porto,Vila Nova de Gaia,,,,,,
4405920,Porto,Vila Nova de Gaia,,,,,,
4430953,Porto,Vila Nova de Gaia,,,,,,
4405944,Porto,Vila Nova de Gaia,,,,,,
4400718,Porto,Vila Nova de Gaia,,,,,,
4430951,Porto,Vila Nova de Gaia,,,,,,
4405959,Porto,Vila Nova de Gaia,,,,,,
4405618,Porto,Vila Nova de Gaia,,,,,,
2200337,Santarém,Abrantes,,,,,,
2200324,Santarém,Abrantes,,,,,,
2200995,Santarém,Abrantes,,,,,,
2200997,Santarém,Abrantes,,,,,,
2200998,Santarém,Abrantes,,,,,,
2230830,Santarém,Abrantes,,,,,,
2380452,Santarém,Alcanena,,,,,,
2395346,Santarém,Alcanena,,,,,,
2090998,Santarém,Alpiarça,,,,,,
2090313,Santarém,Alpiarça,,,,,,
2070465,Santarém,Cartaxo,,,,,,
2070467,Santarém,Cartaxo,,,,,,
2140391,Santarém,Chamusca,,,,,,
2250391,Santarém,Constância,,,,,,
2250390,Santarém,Constância,,,,,,
2330543,Santarém,Entroncamento,,,,,,
2150277,Santarém,Golegã,,,,,,
2435180,Santarém,Ourém,,,,,,
2435181,Santarém,Ourém,,,,,,
2435182,Santarém,Ourém,,,,,,
2495675,Santarém,Ourém,,,,,,
2040417,Santarém,Rio Maior,,,,,,
2040418,Santarém,Rio Maior,,,,,,
2000012,Santarém,Santarém,,,,,,
2230018,Santarém,Sardoal,,,,,,
2230182,Santarém,Sardoal,,,,,,
2230240,Santarém,Sardoal,,,,,,
2230181,Santarém,Sardoal,,,,,,
2230109,Santarém,Sardoal,,,,,,
2305337,Santarém,Tomar,,,,,,
2300305,Santarém,Tomar,,,,,,
2300304,Santarém,Tomar,,,,,,
2300422,Santarém,Tomar,,,,,,
2300355,Santarém,Tomar,,,,,,
2300327,Santarém,Tomar,,,,,,
2300321,Santarém,Tomar,,,,,,
2300322,Santarém,Tomar,,,,,,
2300323,Santarém,Tomar,,,,,,
2300326,Santarém,Tomar,,,,,,
2300318,Santarém,Tomar,,,,,,
2300330,Santarém,Tomar,,,,,,
2300332,Santarém,Tomar,,,,,,
2300333,Santarém,Tomar,,,,,,
2300335,Santarém,Tomar,,,,,,
2300337,Santarém,Tomar,,,,,,
2300325,Santarém,Tomar,,,,,,
2300408,Santarém,Tomar,,,,,,
2300609,Santarém,Tomar,,,,,,
2300504,Santarém,Tomar,,,,,,
2300427,Santarém,Tomar,,,,,,
2300426,Santarém,Tomar,,,,,,
2300425,Santarém,Tomar,,,,,,
2300423,Santarém,Tomar,,,,,,
2300611,Santarém,Tomar,,,,,,
2300419,Santarém,Tomar,,,,,,
2300361,Santarém,Tomar,,,,,,
2300407,Santarém,Tomar,,,,,,
2300636,Santarém,Tomar,,,,,,
2300406,Santarém,Tomar,,,,,,
2300405,Santarém,Tomar,,,,,,
2300398,Santarém,Tomar,,,,,,
2300360,Santarém,Tomar,,,,,,
2300357,Santarém,Tomar,,,,,,
2300356,Santarém,Tomar,,,,,,
2300420,Santarém,Tomar,,,,,,
2300612,Santarém,Tomar,,,,,,
2300359,Santarém,Tomar,,,,,,
2300617,Santarém,Tomar,,,,,,
2300613,Santarém,Tomar,,,,,,
2300324,Santarém,Tomar,,,,,,
2300466,Santarém,Tomar,,,,,,
2300479,Santarém,Tomar,,,,,,
2300414,Santarém,Tomar,,,,,,
2260265,Santarém,Vila Nova da Barquinha,,,,,,
2260332,Santarém,Vila Nova da Barquinha,,,,,,
2260597,Santarém,Vila Nova da Barquinha,,,,,,
2810370,Setúbal,Almada,,,,,,
2805360,Setúbal,Almada,,,,,,
2810501,Setúbal,Almada,,,,,,
2830597,Setúbal,Barreiro,,,,,,
2835996,Setúbal,Barreiro,,,,,,
7570791,Setúbal,Grândola,,,,,,
7570360,Setúbal,Grândola,,,,,,
7570790,Setúbal,Grândola,,,,,,
2985998,Setúbal,Montijo,,,,,,
2950089,Setúbal,Palmela,,,,,,
2950808,Setúbal,Palmela,,,,,,
2950810,Setúbal,Palmela,,,,,,
2950809,Setúbal,Palmela,,,,,,
2950420,Setúbal,Palmela,,,,,,
7500225,Setúbal,Santiago do Cacém,,,,,,
2840239,Setúbal,Seixal,,,,,,
2975416,Setúbal,Sesimbra,,,,,,
7520318,Setúbal,Sines,,,,,,
4970486,Viana do Castelo,Arcos de Valdevez,,,,,,
4960620,Viana do Castelo,Melgaço,,,,,,
4950499,Viana do Castelo,Monção,,,,,,
4950490,Viana do Castelo,Monção,,,,,,
4950722,Viana do Castelo,Monção,,,,,,
4990016,Viana do Castelo,Ponte de Lima,,,,,,
5400079,Vila Real,Chaves,,,,,,
5400092,Vila Real,Chaves,,,,,,
5400495,Vila Real,Chaves,,,,,,
5400125,Vila Real,Chaves,,,,,,
5400283,Vila Real,Chaves,,,,,,
5400127,Vila Real,Chaves,,,,,,
5400134,Vila Real,Chaves,,,,,,
5400209,Vila Real,Chaves,,,,,,
5400235,Vila Real,Chaves,,,,,,
5400247,Vila Real,Chaves,,,,,,
5400321,Vila Real,Chaves,,,,,,
5400362,Vila Real,Chaves,,,,,,
5400969,Vila Real,Chaves,,,,,,
5400421,Vila Real,Chaves,,,,,,
5400462,Vila Real,Chaves,,,,,,
5400475,Vila Real,Chaves,,,,,,
5400514,Vila Real,Chaves,,,,,,
5400560,Vila Real,Chaves,,,,,,
5400670,Vila Real,Chaves,,,,,,
5400192,Vila Real,Chaves,,,,,,
5400467,Vila Real,Chaves,,,,,,
5040338,Vila Real,Mesão Frio,,,,,,
5040340,Vila Real,Mesão Frio,,,,,,
5040339,Vila Real,Mesão Frio,,,,,,
5040389,Vila Real,Mesão Frio,,,,,,
4880998,Vila Real,Mondim de Basto,,,,,,
5470174,Vila Real,Montalegre,,,,,,
5090152,Vila Real,Murça,,,,,,
5090153,Vila Real,Murça,,,,,,
5060378,Vila Real,Sabrosa,,,,,,
5030450,Vila Real,Santa Marta de Penaguião,,,,,,
5430670,Vila Real,Valpaços,,,,,,
5430671,Vila Real,Valpaços,,,,,,
5000067,Vila Real,Vila Real,,,,,,
5000106,Vila Real,Vila Real,,,,,,
5000801,Vila Real,Vila Real,,,,,,
5004016,Vila Real,Vila Real,,,,,,
5000754,Vila Real,Vila Real,,,,,,
5110359,Viseu,Armamar,,,,,,
3430065,Viseu,Carregal do Sal,,,,,,
3430047,Viseu,Carregal do Sal,,,,,,
3430067,Viseu,Carregal do Sal,,,,,,
3430999,Viseu,Carregal do Sal,,,,,,
3430068,Viseu,Carregal do Sal,,,,,,
3430136,Viseu,Carregal do Sal,,,,,,
3600601,Viseu,Castro Daire,,,,,,
3600393,Viseu,Castro Daire,,,,,,
4690073,Viseu,Cinfães,,,,,,
4690074,Viseu,Cinfães,,,,,,
5100796,Viseu,Lamego,,,,,,
5100770,Viseu,Lamego,,,,,,
5100822,Viseu,Lamego,,,,,,
5100880,Viseu,Lamego,,,,,,
5100881,Viseu,Lamego,,,,,,
3530507,Viseu,Mangualde,,,,,,
3530306,Viseu,Mangualde,,,,,,
3450018,Viseu,Mortágua,,,,,,
3520400,Viseu,Nelas,,,,,,
3520402,Viseu,Nelas,,,,,,
3520415,Viseu,Nelas,,,,,,
3520027,Viseu,Nelas,,,,,,
3520026,Viseu,Nelas,,,,,,
3520117,Viseu,Nelas,,,,,,
3520306,Viseu,Nelas,,,,,,
3680068,Viseu,Oliveira de Frades,,,,,,
3680067,Viseu,Oliveira de Frades,,,,,,
3680160,Viseu,Oliveira de Frades,,,,,,
3680185,Viseu,Oliveira de Frades,,,,,,
3550280,Viseu,Penalva do Castelo,,,,,,
3550195,Viseu,Penalva do Castelo,,,,,,
3550286,Viseu,Penalva do Castelo,,,,,,
3630226,Viseu,Penedono,,,,,,
3630221,Viseu,Penedono,,,,,,
3630224,Viseu,Penedono,,,,,,
3630219,Viseu,Penedono,,,,,,
3630222,Viseu,Penedono,,,,,,
3630223,Viseu,Penedono,,,,,,
3630341,Viseu,Penedono,,,,,,
3440059,Viseu,Santa Comba Dão,,,,,,
3660543,Viseu,São Pedro do Sul,,,,,,
3660542,Viseu,São Pedro do Sul,,,,,,
3660433,Viseu,São Pedro do Sul,,,,,,
3660501,Viseu,São Pedro do Sul,,,,,,
3640295,Viseu,Sernancelhe,,,,,,
3640294,Viseu,Sernancelhe,,,,,,
3640308,Viseu,Sernancelhe,,,,,,
5120087,Viseu,Tabuaço,,,,,,
5120160,Viseu,Tabuaço,,,,,,
5120430,Viseu,Tabuaço,,,,,,
5120429,Viseu,Tabuaço,,,,,,
3610149,Viseu,Tarouca,,,,,,
3610169,Viseu,Tarouca,,,,,,
3610168,Viseu,Tarouca,,,,,,
3610171,Viseu,Tarouca,,,,,,
3610172,Viseu,Tarouca,,,,,,
3610221,Viseu,Tarouca,,,,,,
3610222,Viseu,Tarouca,,,,,,
3610223,Viseu,Tarouca,,,,,,
3465135,Viseu,Tondela,,,,,,
3654001,Viseu,Vila Nova de Paiva,,,,,,
3515679,Viseu,Viseu,,,,,,
3510225,Viseu,Viseu,,,,,,
3510197,Viseu,Viseu,,,,,,
3510672,Viseu,Viseu,,,,,,
3500091,Viseu,Viseu,,,,,,
3500462,Viseu,Viseu,,,,,,
3510140,Viseu,Viseu,,,,,,
3500455,Viseu,Viseu,,,,,,
3505673,Viseu,Viseu,,,,,,
3500461,Viseu,Viseu,,,,,,
3510143,Viseu,Viseu,,,,,,
3510074,Viseu,Viseu,,,,,,
3510589,Viseu,Viseu,,,,,,
3515475,Viseu,Viseu,,,,,,
3504506,Viseu,Viseu,,,,,,
3510158,Viseu,Viseu,,,,,,
3515303,Viseu,Viseu,,,,,,
3510684,Viseu,Viseu,,,,,,
3505671,Viseu,Viseu,,,,,,
3505672,Viseu,Viseu,,,,,,
3505674,Viseu,Viseu,,,,,,
3500996,Viseu,Viseu,,,,,,
3505730,Viseu,Viseu,,,,,,
3670263,Viseu,Vouzela,,,,,,
3670264,Viseu,Vouzela,,,,,,
3670265,Viseu,Vouzela,,,,,,
3670262,Viseu,Vouzela,,,,,,
3670310,Viseu,Vouzela,,,,,,
